,Allele,Encoding,Train_size,MCC,MCC_std,AUC,AUC_std
0,A0301,BLOSUM50,268,0.4251864412211007,0.05436528613525895,0.863238301254637,0.019793918843852353
1,A0301,BLOSUM50,670,0.6413385705619606,0.04512461167066219,0.936785617724984,0.012448843949020362
2,A0301,BLOSUM50,1340,0.7489226306782683,0.0384518635911308,0.9679145271828453,0.008124455985363216
3,A0301,ONE_HOT,268,0.4648053889957897,0.051437496266878956,0.876473521796936,0.019189596827943207
4,A0301,ONE_HOT,670,0.681110654179825,0.04242672725180859,0.9462962412940898,0.01154399377057668
5,A0301,ONE_HOT,1340,0.8089294977382073,0.03378055576564755,0.9799231613315521,0.006699950993438065
