,Allele,Encoding,Train_size,MCC,MCC_std,AUC,AUC_std
0,A0301,BLOSUM50,268,0.4251864412211007,0.05436528613525895,0.863238301254637,0.019793918843852353
1,A0301,BLOSUM50,670,0.6413385705619606,0.04512461167066219,0.936785617724984,0.012448843949020362
2,A0301,BLOSUM50,1340,0.7489226306782683,0.0384518635911308,0.9679145271828453,0.008124455985363216
